Reference;Publication year;Task;Case study;Case study type;Input for the model;Input type;Model Type;Models;Online/Off-line;Study title;Publication identifier
1;2019;Health modelling;Simulated jet-engines data;Rotary machines;Time series;Baypass ratio, Fluid Pressure, Spinning speed, Temperature;Data-driven;Logistic regression;Off-line;Aircraft engine degradation prognostics based on logistic regression and novel OS-ELM algorithm ;doi.org/10.1016/j.ast.2018.09.044
2;2019;Health assessment;Simulated jet-engines data;Rotary machines;Time series;Baypass ratio, Fluid Pressure, Spinning speed, Temperature;Data-driven;Logistic regression;Off-line;Aircraft engine degradation prognostics based on logistic regression and novel OS-ELM algorithm ;doi.org/10.1016/j.ast.2018.09.044
3;2019;Remaining useful life estimation;Simulated jet-engines data;Rotary machines;Time series;Health index;Data-driven;OS-ELM (Online-secuential extreme learning machine) ;Off-line;Aircraft engine degradation prognostics based on logistic regression and novel OS-ELM algorithm ;doi.org/10.1016/j.ast.2018.09.044
4;2019;Remaining useful life estimation;Simulated jet-engines data;Rotary machines;Time series;Health index;Data-driven;KFOS-ELM (Kalma filter-based learning OS-ELM);Off-line;Aircraft engine degradation prognostics based on logistic regression and novel OS-ELM algorithm ;doi.org/10.1016/j.ast.2018.09.044
5;2019;Remaining useful life estimation;Simulated jet-engines data;Rotary machines;Time series;Health index;Data-driven;EOS-ELM (Esemble of OS-ELM);Off-line;Aircraft engine degradation prognostics based on logistic regression and novel OS-ELM algorithm ;doi.org/10.1016/j.ast.2018.09.044
6;2019;Remaining useful life estimation;Simulated jet-engines data;Rotary machines;Time series;Health index;Data-driven;AEKFOS-ELM (adaptive-weighted ensemble of KFOS-ELM);Off-line;Aircraft engine degradation prognostics based on logistic regression and novel OS-ELM algorithm ;doi.org/10.1016/j.ast.2018.09.044
7;2019;Health assessment;Railway track geometry;Structures;Time series;Elastic strains, Life cycles, Mechanical Pressure, Mechanical stresses, Plastic strains;Data-driven, Physics-based;Bayes model, Physics-based model for track settlement;Off-line;A knowledge-based prognostics framework for railway track geometry degradation;doi.org/10.1016/j.ress.2018.07.004
8;2019;Remaining useful life estimation;Railway track geometry;Structures;Time series;Elastic strains, Life cycles, Mechanical Pressure, Mechanical stresses, Plastic strains;Data-driven, Physics-based;Bayes model, Particle Filter, Physics-based model for track settlement;Online;A knowledge-based prognostics framework for railway track geometry degradation;doi.org/10.1016/j.ress.2018.07.004
9;2019;Health modelling;Cars production line ;Production lines;Time series;Down time, Equipment effectiveness, Scrap rate;Knowledge-based;Fuzzy Inference System;Off-line;Fuzzy early warning systems for condition based maintenance;doi.org/10.1016/j.cie.2018.12.056
10;2016;One step future state forecast;Proton exchange membrane fuel cell;Energy cells and batteries;Time series;Voltage;Data-driven;Relevance vector machine;Off-line;Nonlinear Performance Degradation Prediction of Proton Exchange Membrane Fuel Cells Using Relevance Vector Machine;doi.org/10.1109/TEC.2016.2582531
11;2016;Multiple steps future state forecast;Proton exchange membrane fuel cell;Energy cells and batteries;Time series;Voltage;Data-driven;Relevance vector machine;Off-line;Nonlinear Performance Degradation Prediction of Proton Exchange Membrane Fuel Cells Using Relevance Vector Machine;doi.org/10.1109/TEC.2016.2582531
12;2018;Health modelling;Simulated jet-engines data;Rotary machines;Time series;Baypass ratio, Fluid Pressure, Spinning speed, Temperature;Data-driven;Self-Organizing Maps;Off-line;Enhancing operational fault diagnosis using multiple operational modes;hal-02200480
13;2016;Fault identification;Proton exchange membrane fuel cell;Energy cells and batteries;Structured text-based;Impurities, Mechanical stresses, Temperature, Voltage;Knowledge-based;Root cause analysis;Off-line;Nonlinear Performance Degradation Prediction of Proton Exchange Membrane Fuel Cells Using Relevance Vector Machine;doi.org/10.1109/TEC.2016.2582531
14;2017;Remaining useful life estimation;Lithium-ion battery;Energy cells and batteries;Time series;Battery capacity;Data-driven;Relevance vector machine;Off-line;A new hybird method for the prediction of the remaining useful life o a lithium-ion battery;doi.org/10.1016/j.apenergy.2017.09.106
15;2017;Remaining useful life estimation;Lithium-ion battery;Energy cells and batteries;Time series;Battery capacity;Physics-based;Kalman Filter;Off-line;A new hybird method for the prediction of the remaining useful life o a lithium-ion battery;doi.org/10.1016/j.apenergy.2017.09.106
16;2017;Remaining useful life estimation;Lithium-ion battery;Energy cells and batteries;Time series;Battery capacity;Physics-based, Data-driven;Kalman Filter, Relevance vector machine;Off-line;A new hybird method for the prediction of the remaining useful life o a lithium-ion battery;doi.org/10.1016/j.apenergy.2017.09.106
17;2015;Fault feature extraction;Circuit breakers;Electrical components;Signals;Acustic signal;Data-driven;Fast-furrier transform;Online;An expert system for acoustic diagnosis of power circuit breakers and on-load tap changers;doi.org/10.1016/j.eswa.2015.07.079
18;2015;Fault feature extraction;On-load tap changers;Electrical components;Signals;Acustic signal;Data-driven;Fast-furrier transform;Online;An expert system for acoustic diagnosis of power circuit breakers and on-load tap changers;doi.org/10.1016/j.eswa.2015.07.079
19;2015;Fault detection;Circuit breakers;Electrical components;Time series;Acustic features, Current;Knowledge-based;Rule-based system;Off-line;An expert system for acoustic diagnosis of power circuit breakers and on-load tap changers;doi.org/10.1016/j.eswa.2015.07.079
20;2015;Fault detection;On-load tap changers;Electrical components;Time series;Acustic features, Current;Knowledge-based;Rule-based system;Off-line;An expert system for acoustic diagnosis of power circuit breakers and on-load tap changers;doi.org/10.1016/j.eswa.2015.07.079
21;2017;Remaining useful life estimation;Oil condition;Lubricants;Time series;Anti-oxidation particles percentage, Anti-wear Particles percentage, Elements ppm, Operating time in days, Operating time in motor-hours, Soot percentage, Sulphating products percentage, Total Base Number, Viscosity, ignition point;Data-driven;Multi-layer perceptron neural network;Off-line;The determination of combustion engine condition and reliability using oil analysis byMLP and RBF neural networks;doi.org/10.1016/j.triboint.2017.06.032
22;2017;Remaining useful life estimation;Oil condition;Lubricants;Time series;Anti-oxidation particles percentage, Anti-wear Particles percentage, Elements ppm, Operating time in days, Operating time in motor-hours, Soot percentage, Sulphating products percentage, Total Base Number, Viscosity, ignition point;Data-driven;Multi-layer perceptron neural network;Off-line;The determination of combustion engine condition and reliability using oil analysis byMLP and RBF neural networks;doi.org/10.1016/j.triboint.2017.06.032
23;2017;Remaining useful life estimation;Oil condition;Lubricants;Time series;Anti-oxidation particles percentage, Anti-wear Particles percentage, Elements ppm, Operating time in days, Operating time in motor-hours, Soot percentage, Sulphating products percentage, Total Base Number, Viscosity, ignition point;Data-driven;Radial basis function network;Off-line;The determination of combustion engine condition and reliability using oil analysis byMLP and RBF neural networks;doi.org/10.1016/j.triboint.2017.06.032
24;2017;Remaining useful life estimation;Oil condition;Lubricants;Time series;Anti-oxidation particles percentage, Anti-wear Particles percentage, Elements ppm, Operating time in days, Operating time in motor-hours, Soot percentage, Sulphating products percentage, Total Base Number, Viscosity, ignition point;Data-driven;Multi-layer perceptron neural network;Off-line;The determination of combustion engine condition and reliability using oil analysis byMLP and RBF neural networks;doi.org/10.1016/j.triboint.2017.06.032
25;2017;Remaining useful life estimation;Oil condition;Lubricants;Time series;Anti-oxidation particles percentage, Anti-wear Particles percentage, Elements ppm, Operating time in days, Operating time in motor-hours, Soot percentage, Sulphating products percentage, Total Base Number, Viscosity, ignition point;Data-driven;Multi-layer perceptron neural network;Off-line;The determination of combustion engine condition and reliability using oil analysis byMLP and RBF neural networks;doi.org/10.1016/j.triboint.2017.06.032
26;2017;Remaining useful life estimation;Oil condition;Lubricants;Time series;Anti-oxidation particles percentage, Anti-wear Particles percentage, Elements ppm, Operating time in days, Operating time in motor-hours, Soot percentage, Sulphating products percentage, Total Base Number, Viscosity, ignition point;Data-driven;Radial basis function network;Off-line;The determination of combustion engine condition and reliability using oil analysis byMLP and RBF neural networks;doi.org/10.1016/j.triboint.2017.06.032
27;2019;Fault feature extraction;Dehumidifier;Rotary machines;Signals;Acustic, Current, Humidity, Spinning speed, Temperature;Data-driven;LSTM (Long-Short Term Memory Neural Network);Off-line;Predictive Maintenance with Sensor Data Analyticson a Raspberry Pi-Based Experimental Platform;doi:10.3390/s19183884
28;2017;Remaining useful life estimation;Rolling bearings;Rotary machines;Signals;Vibrations;Data-driven;Support vector machines;Online;The Remaining Life Prediction of the Fan Bearing Based on Genetic Algorithm and Multi-parameter Support Vector Machine ;doi.org/_10.1109/CMAME.2017.8540112
29;2018;Fault detection;Rolling bearings;Rotary machines;Signals;Vibrations;Data-driven;Self-Organizing Maps;Off-line;Self-Organizing Maps for Anomaly Localization and PredictiveMaintenance in Cyber-Physical Production Systems;doi.org/10.1016/j.procir.2018.03.150
30;2018;Remaining useful life estimation;Rolling bearings;Rotary machines;Signals;Vibrations;Data-driven;LSTM (Long-Short Term Memory Neural Network);Off-line;Rolling element bearing remaining useful life estimation based on a convolutional long-short-tern memory network;doi.org/10.1016/j.procs.2018.01.106
31;2017;Health assessment;Rolling bearings;Rotary machines;Signals;Vibrations;Data-driven;Self-Organizing Maps;Off-line;A Distance Metric Learning Based Health Indicator for Health Prognostics of Bearings;doi.org/10.1109/SDPC.2017.19
32;2016;Fault feature extraction;Rolling bearings;Rotary machines;Signals;Vibrations;Data-driven;Wevelet tranform;Off-line;Dynamic Genetic Algorithm-Based Feature Selection Scheme for Machine Health Prognostics;doi.org/10.1016/j.procir.2016.10.026
33;2017;Fault detection;Rolling bearings;Rotary machines;Signals;Vibrations;Data-driven;Local Feature-Based Gated Recurrent Units network;Off-line;Machine Health Monitoring Using Local Feature-Based Gated Recurrent Unit Networks;doi.org/10.1109/TIE.2017.2733438
34;2016;Fault detection;Rolling bearings;Rotary machines;Signals;Vibrations;Data-driven;Sparse filter;Off-line;An Intelligent Fault Diagnosis Method Using Unsupervised Feature Learning Towards Mechanical Big Data;doi.org/10.1109/TIE.2016.2519325
35;2018;Remaining useful life estimation;Rolling bearings;Rotary machines;Time series;Vibrations;Data-driven;Convolutional Neural Network;Off-line;Prediction of bearing remaining useful life with deep convution neural ;DOI: 10.1109/ACCESS.2018.2804930
36;2018;Remaining useful life estimation;Rolling bearings;Rotary machines;Time series;Vibrations;Data-driven;Support vector machines;Off-line;Prediction of bearing remaining useful life with deep convution neural ;DOI: 10.1109/ACCESS.2018.2804930
37;2018;Remaining useful life estimation;Rolling bearings;Rotary machines;Time series;Vibrations;Data-driven;Deep learning network;Off-line;Prediction of bearing remaining useful life with deep convution neural ;DOI: 10.1109/ACCESS.2018.2804930
38;2017;Health assessment;Rolling bearings;Rotary machines;Signals;Vibrations;Data-driven;FFNN (feed-forward neural network), TRIM (time-continuous relevant isometric mapping);Off-line;Machine component heath prognostics with only truncated histories using geometrical metric approach;.doi.org/10.1016/j.ymssp.2017.01.052
39;2017;Fault detection;Rolling bearings;Rotary machines;Signals;Vibrations;Data-driven;Auto-encoder with deep transfer learning;Off-line;A New Deep Transfer Learning Based on Sparse Auto-Encoder for Fault Diagnosis;doi.org/10.1109/TSMC.2017.2754287
40;2017;Fault detection;Rolling bearings;Rotary machines;Signals;Vibrations;Data-driven;Deep belief network;Off-line;A New Deep Transfer Learning Based on Sparse Auto-Encoder for Fault Diagnosis;doi.org/10.1109/TSMC.2017.2754287
41;2017;Fault detection;Rolling bearings;Rotary machines;Signals;Vibrations;Data-driven;Support vector machines;Off-line;A New Deep Transfer Learning Based on Sparse Auto-Encoder for Fault Diagnosis;doi.org/10.1109/TSMC.2017.2754287
42;2017;Fault detection;Rolling bearings;Rotary machines;Signals;Vibrations;Data-driven;Multi-layer perceptron neural network;Off-line;A New Deep Transfer Learning Based on Sparse Auto-Encoder for Fault Diagnosis;doi.org/10.1109/TSMC.2017.2754287
43;2017;Fault detection;Rolling bearings;Rotary machines;Signals;Vibrations;Data-driven;Bayes model;Off-line;A New Deep Transfer Learning Based on Sparse Auto-Encoder for Fault Diagnosis;doi.org/10.1109/TSMC.2017.2754287
44;2017;Fault detection;Rolling bearings;Rotary machines;Signals;Vibrations;Data-driven;Bagging model;Off-line;A New Deep Transfer Learning Based on Sparse Auto-Encoder for Fault Diagnosis;doi.org/10.1109/TSMC.2017.2754287
45;2017;Fault detection;Rolling bearings;Rotary machines;Signals;Vibrations;Data-driven;Boosting model;Off-line;A New Deep Transfer Learning Based on Sparse Auto-Encoder for Fault Diagnosis;doi.org/10.1109/TSMC.2017.2754287
46;2017;Fault detection;Rolling bearings;Rotary machines;Signals;Vibrations;Data-driven;Sparse filter;Off-line;A New Deep Transfer Learning Based on Sparse Auto-Encoder for Fault Diagnosis;doi.org/10.1109/TSMC.2017.2754287
47;2017;Fault detection;Rolling bearings;Rotary machines;Signals;Vibrations;Data-driven;Deep belief network based hierarchical diagnosis network;Off-line;A New Deep Transfer Learning Based on Sparse Auto-Encoder for Fault Diagnosis;doi.org/10.1109/TSMC.2017.2754287
48;2019;Fault identification;Simulated jet-engines data;Rotary machines;Time series;Baypass ratio, Coolant bleed, Fluid Pressure, Spinning speed, Temperature;Data-driven;Deep belief network;Off-line;Combining multiple deep learning algorithms for prognostic and health management of aircraft;doi.org/10.1016/j.ast.2019.105423
49;2019;Fault identification;Simulated jet-engines data;Rotary machines;Time series;Baypass ratio, Coolant bleed, Fluid Pressure, Spinning speed, Temperature;Data-driven;Support vector machines;Off-line;Combining multiple deep learning algorithms for prognostic and health management of aircraft;doi.org/10.1016/j.ast.2019.105423
50;2019;Fault identification;Simulated jet-engines data;Rotary machines;Time series;Baypass ratio, Coolant bleed, Fluid Pressure, Spinning speed, Temperature;Data-driven;Multi-layer perceptron neural network;Off-line;Combining multiple deep learning algorithms for prognostic and health management of aircraft;doi.org/10.1016/j.ast.2019.105423
51;2019;Remaining useful life estimation;Simulated jet-engines data;Rotary machines;Time series;Baypass ratio, Coolant bleed, Fluid Pressure, Spinning speed, Temperature;Data-driven;LSTM (Long-Short Term Memory Neural Network);Off-line;Combining multiple deep learning algorithms for prognostic and health management of aircraft;doi.org/10.1016/j.ast.2019.105423
52;2019;Remaining useful life estimation;Simulated jet-engines data;Rotary machines;Time series;Baypass ratio, Coolant bleed, Fluid Pressure, Spinning speed, Temperature;Data-driven;LSTM (Long-Short Term Memory Neural Network);Off-line;Combining multiple deep learning algorithms for prognostic and health management of aircraft;doi.org/10.1016/j.ast.2019.105423
53;2019;Remaining useful life estimation;Simulated jet-engines data;Rotary machines;Time series;Baypass ratio, Coolant bleed, Fluid Pressure, Spinning speed, Temperature;Data-driven;Recurrent Neural Network;Off-line;Combining multiple deep learning algorithms for prognostic and health management of aircraft;doi.org/10.1016/j.ast.2019.105423
54;2019;Remaining useful life estimation;Simulated jet-engines data;Rotary machines;Time series;Baypass ratio, Coolant bleed, Fluid Pressure, Spinning speed, Temperature;Data-driven;Gated recurrent unit network;Off-line;Combining multiple deep learning algorithms for prognostic and health management of aircraft;doi.org/10.1016/j.ast.2019.105423
55;2017;Remaining useful life estimation;Simulated jet-engines data;Rotary machines;Time series;Baypass ratio, Coolant bleed, Fluid Pressure, Spinning speed, Temperature;Data-driven;LSTM (Long-Short Term Memory Neural Network);Off-line;Life Prediction of Jet Engines Based on LSTM-Recurrent Neural Networks;doi.org/10.1109/PHM.2017.8079264
56;2017;Remaining useful life estimation;Simulated jet-engines data;Rotary machines;Time series;Baypass ratio, Coolant bleed, Fluid Pressure, Spinning speed, Temperature;Data-driven;Statistical regression model;Off-line;Life Prediction of Jet Engines Based on LSTM-Recurrent Neural Networks;doi.org/10.1109/PHM.2017.8079264
57;2019;Health modelling;Aircraft bearings;Rotary machines;Time series;Crack length, Health index;Data-driven;Statistical regression model;Off-line;An ensemble learning-based prognostic approach with degradation-dependent weights for remaining useful life prediction;doi.org/10.1016/j.ress.2017.12.016
58;2019;Remaining useful life estimation;Aircraft bearings;Rotary machines;Time series;Crack length, Health index;Data-driven;Ensemble learning-based prognostic model;Online;An ensemble learning-based prognostic approach with degradation-dependent weights for remaining useful life prediction;doi.org/10.1016/j.ress.2017.12.016
59;2019;Remaining useful life estimation;Aircraft bearings;Rotary machines;Time series;Crack length, Health index;Data-driven;Relevance vector machine;Online;An ensemble learning-based prognostic approach with degradation-dependent weights for remaining useful life prediction;doi.org/10.1016/j.ress.2017.12.016
60;2019;Remaining useful life estimation;Aircraft bearings;Rotary machines;Time series;Crack length, Health index;Physics-based;Particle filter;Online;An ensemble learning-based prognostic approach with degradation-dependent weights for remaining useful life prediction;doi.org/10.1016/j.ress.2017.12.016
61;2019;Remaining useful life estimation;Simulated jet-engines data;Rotary machines;Time series;Baypass ratio, Coolant bleed, Fluid Pressure, Spinning speed, Temperature;Data-driven;Ensemble learning-based prognostic model;Off-line;An ensemble learning-based prognostic approach with degradation-dependent weights for remaining useful life prediction;doi.org/10.1016/j.ress.2017.12.016
62;2019;Remaining useful life estimation;Simulated jet-engines data;Rotary machines;Time series;Baypass ratio, Coolant bleed, Fluid Pressure, Spinning speed, Temperature;Data-driven;Relevance vector machine;Off-line;An ensemble learning-based prognostic approach with degradation-dependent weights for remaining useful life prediction;doi.org/10.1016/j.ress.2017.12.016
63;2019;Remaining useful life estimation;Simulated jet-engines data;Rotary machines;Time series;Baypass ratio, Coolant bleed, Fluid Pressure, Spinning speed, Temperature;Data-driven;Recurrent Neural Network;Off-line;An ensemble learning-based prognostic approach with degradation-dependent weights for remaining useful life prediction;doi.org/10.1016/j.ress.2017.12.016
64;2019;Remaining useful life estimation;Simulated jet-engines data;Rotary machines;Time series;Baypass ratio, Coolant bleed, Fluid Pressure, Spinning speed, Temperature;Data-driven;Bayesian linear regression;Off-line;An ensemble learning-based prognostic approach with degradation-dependent weights for remaining useful life prediction;doi.org/10.1016/j.ress.2017.12.016
65;2019;Remaining useful life estimation;Simulated jet-engines data;Rotary machines;Time series;Baypass ratio, Coolant bleed, Fluid Pressure, Spinning speed, Temperature;Data-driven;Similarity-based interpolation;Off-line;An ensemble learning-based prognostic approach with degradation-dependent weights for remaining useful life prediction;doi.org/10.1016/j.ress.2017.12.016
66;2019;Remaining useful life estimation;Simulated jet-engines data;Rotary machines;Time series;Baypass ratio, Coolant bleed, Fluid Pressure, Spinning speed, Temperature;Data-driven;Similarity-based interpolation;Off-line;An ensemble learning-based prognostic approach with degradation-dependent weights for remaining useful life prediction;doi.org/10.1016/j.ress.2017.12.016
67;2017;Remaining useful life estimation;LED Lighting;Electrical components;Time series;Relative Luminosity;Data-driven;HMM AO (Hidden Markov with auto-correlated observations);Off-line;Hidden Markov model with auto-correlated observations for remaining useful life prediction and optimal maintenance policy;doi.org/10.1016/j.ress.2017.09.002
68;2017;Remaining useful life estimation;LED Lighting;Electrical components;Time series;Relative Luminosity;Data-driven;HMM AO (Hidden Markov with auto-correlated observations);Off-line;Hidden Markov model with auto-correlated observations for remaining useful life prediction and optimal maintenance policy;doi.org/10.1016/j.ress.2017.09.002
69;2016;Remaining useful life estimation;Turbofan engine;Rotary machines;Signals;Diverse turbofan signals;Data-driven;Discrete time Markov chain-probabilistic;Off-line;Remaining useful life estimation for deteriorating systems with time-varying operational conditions and condition-specific failure zones;doi.org/10.1016/j.cja.2016.04.007
70;2017;Fault feature extraction;Semiconductor manufacturing station;Electrical components;Time series;Contamination level, Not specified others;Data-driven;Hidden Markov with EM (expectation maximitation algorith);Off-line; Hidden Markov Model-Based Predictive Maintenance in Semiconductor Manufacturing: A Genetic Algorithm Approach;978-1-5090-6781-7/17/
71;2016;Health modelling;Semiconductor manufacturing station;Electrical components;Signals;Electric signals, Flow rates, Fluid Pressure, Temperature;Data-driven;Bayes model;Off-line;Bayesian Identification of Hidden Markov Models and Their Use for Condition-Based Monitoring;10.1109/TR.2016.2570561
72;2010;Fault detection;Tank reactor;Structures;Time series;Flow rates, Temperature;Data-driven, Knowledge-based;Hidden Markov, Updated Rule based system;Online;A model for real-time failure prognosis based on hidden Markov model and belief rule base;doi:10.1016/j.ejor.2010.03.032
73;2012;Health assessment;naval machinery;Electromechanical systems;Time series;Flow rates, efficiency;Data-driven;Wiener process;Off-line;Remaining useful life estimation based on stochastic deterioration models: A comparative study;doi.org/10.1016/j.ress.2012.11.022
74;2012;Remaining useful life estimation;naval machinery;Electromechanical systems;Time series;Health index;Data-driven;Wiener process;Off-line;Remaining useful life estimation based on stochastic deterioration models: A comparative study;doi.org/10.1016/j.ress.2012.11.022
75;2012;Remaining useful life estimation;naval machinery;Electromechanical systems;Time series;Health index;Data-driven;Similarity Based Approach;Off-line;Remaining useful life estimation based on stochastic deterioration models: A comparative study;doi.org/10.1016/j.ress.2012.11.022
76;2012;Remaining useful life estimation;naval machinery;Electromechanical systems;Time series;Health index;Data-driven;Probability Approach;Off-line;Remaining useful life estimation based on stochastic deterioration models: A comparative study;doi.org/10.1016/j.ress.2012.11.022
77;2018;Health modelling;mining machinery;Structures;Time series;Distance, Spinning speed, Time;Data-driven;Wiener process;Online;Application of selected Levy processes for Health modelling of long range mine belt using real-time data;doi.org/10.1016/j.acme.2018.05.006
78;2018;Health modelling;mining machinery;Structures;Time series;Distance, Spinning speed, Time;Data-driven;Modified Wiener process;Online;Application of selected Levy processes for Health modelling of long range mine belt using real-time data;doi.org/10.1016/j.acme.2018.05.006
79;2018;Health modelling;mining machinery;Structures;Time series;Distance, Spinning speed, Time;Data-driven;Ornestein-Uhlenbeck process (OUP);Online;Application of selected Levy processes for Health modelling of long range mine belt using real-time data;doi.org/10.1016/j.acme.2018.05.006
80;2017;Remaining useful life estimation;Lithium-ion battery;Energy cells and batteries;Time series;Current, Impedance, Temperature, Voltage;Data-driven, Physics-based;Gaussian Process Regression, Physics-based model ;Off-line;Gaussian process regression for forecasting battery state of health;doi.org/10.1016/j.jpowsour.2017.05.004
81;2017;Remaining useful life estimation;Lithium-ion battery;Energy cells and batteries;Time series;Current, Impedance, Temperature, Voltage;Data-driven, Physics-based;Gaussian Process Regression, Physics-based model ;Off-line;Gaussian process regression for forecasting battery state of health;doi.org/10.1016/j.jpowsour.2017.05.004
82;2017;Remaining useful life estimation;Lithium-ion battery;Energy cells and batteries;Time series;Current, Impedance, Temperature, Voltage;Data-driven;Gaussian Process Regression;Off-line;Gaussian process regression for forecasting battery state of health;doi.org/10.1016/j.jpowsour.2017.05.004
83;2017;Remaining useful life estimation;Lithium-ion battery;Energy cells and batteries;Time series;Current, Impedance, Temperature, Voltage;Data-driven, Physics-based;Gaussian Process Regression, Physics-based model ;Off-line;Gaussian process regression for forecasting battery state of health;doi.org/10.1016/j.jpowsour.2017.05.004
84;2017;Remaining useful life estimation;Lithium-ion battery;Energy cells and batteries;Time series;Current, Impedance, Temperature, Voltage;Data-driven, Physics-based;Gaussian Process Regression, Physics-based model ;Off-line;Gaussian process regression for forecasting battery state of health;doi.org/10.1016/j.jpowsour.2017.05.004
85;2017;Remaining useful life estimation;Lithium-ion battery;Energy cells and batteries;Time series;Current, Impedance, Temperature, Voltage;Data-driven, Physics-based;Gaussian Process Regression, Physics-based model ;Off-line;Gaussian process regression for forecasting battery state of health;doi.org/10.1016/j.jpowsour.2017.05.004
86;2017;Remaining useful life estimation;Lithium-ion battery;Energy cells and batteries;Time series;Current, Impedance, Temperature, Voltage;Data-driven, Physics-based;Gaussian Process Regression, Physics-based model ;Off-line;Gaussian process regression for forecasting battery state of health;doi.org/10.1016/j.jpowsour.2017.05.004
87;2016;Health modelling;LED Lighting;Electrical components;Time series;Current, Humidity, Temperature, Time;Data-driven;Gamma process;Off-line;Prognostics-basedqualificationofhigh-powerwhiteLEDs using Lévyprocessapproach;doi.org/10.1016/j.ymssp.2016.05.019
88;2016;Health modelling;LED Lighting;Electrical components;Time series;Current, Humidity, Temperature, Time;Data-driven;Levy Distribution;Off-line;Prognostics-basedqualificationofhigh-powerwhiteLEDs using Lévyprocessapproach;doi.org/10.1016/j.ymssp.2016.05.019
89;2016;Health modelling;LED Lighting;Electrical components;Time series;Current, Humidity, Temperature, Time;Data-driven;Inverse Gaussian Distribution;Off-line;Prognostics-basedqualificationofhigh-powerwhiteLEDs using Lévyprocessapproach;doi.org/10.1016/j.ymssp.2016.05.019
90;2012;Remaining useful life estimation;Rolling bearings;Rotary machines;Signals;Acceleration, Frequency, Vibrations;Data-driven;Mixture of Gaussians Hidden Markov Models (MoG-HMM);Off-line;A Data-Driven Failure Prognostics Method Based on Mixture of Gaussians Hidden Markov Models;doi.org/10.1109/TR.2012.2194177
91;2015;Health modelling;Laser device;Optical devices;Time series;Time;Data-driven;Inverse Gaussian with random effect;Off-line;Remaining useful life estimation using an inverse Gaussian degradation model;doi.org/10.1016/j.neucom.2015.12.041
92;2015;Remaining useful life estimation;Laser device;Optical devices;Time series;Time;Data-driven;Inverse Gaussian with random effect;Off-line;Remaining useful life estimation using an inverse Gaussian degradation model;doi.org/10.1016/j.neucom.2015.12.041
93;2019;Health modelling;Lithium-ion battery;Energy cells and batteries;Time series;Current, Temperature, Voltage;Data-driven;Semi-Empirical Model with Coulombic efficiency;Online;A coulombic efficiency-based model for prognostics and health estimation of lithium-ion batteries;doi.org/10.1016/j.energy.2019.01.083
94;2019;Health modelling;Lithium-ion battery;Energy cells and batteries;Time series;Current, Temperature, Voltage;Data-driven;Semi-Empirical Model with Coulombic efficiency;Online;A coulombic efficiency-based model for prognostics and health estimation of lithium-ion batteries;doi.org/10.1016/j.energy.2019.01.083
95;2019;Remaining useful life estimation;Lithium-ion battery;Energy cells and batteries;Time series;Current, Temperature, Voltage;Data-driven;Semi-Empirical Model with Coulombic efficiency;Online;A coulombic efficiency-based model for prognostics and health estimation of lithium-ion batteries;doi.org/10.1016/j.energy.2019.01.083
96;2019;Remaining useful life estimation;Lithium-ion battery;Energy cells and batteries;Time series;Current, Temperature, Voltage;Data-driven;Semi-Empirical Model with Coulombic efficiency;Online;A coulombic efficiency-based model for prognostics and health estimation of lithium-ion batteries;doi.org/10.1016/j.energy.2019.01.083
97;2019;Remaining useful life estimation;Steam Turbine;Rotary machines;Signals;Condenser vacuum, Fluid Pressure, Generator Power, Temperature;Data-driven;Dynamic Time Warping (DTW);Online;A Data-Driven Health Prognostics Approach for Steam Turbines Based on Xgboost and DTW;doi.org/10.1016/j.microrel.2013.03.010
98;2019;Fault detection;Steam Turbine;Rotary machines;Signals;Condenser vacuum, Fluid Pressure, Generator Power, Temperature;Data-driven;Extreme Gradient Boosting (XGBoost);Online;A Data-Driven Health Prognostics Approach for Steam Turbines Based on Xgboost and DTW;doi.org/10.1016/j.microrel.2013.03.010
99;2013;Multiple steps future state forecast;Lithium-ion battery;Energy cells and batteries;Time series;Current, Impedance, Temperature, Voltage;Data-driven;Gaussian Process Regression (GPR);Off-line;Prognostics for state of health estimation of lithium-ion batteries based on combination Gaussian process functional regression;doi.org/10.1016/j.microrel.2013.03.010
100;2013;Multiple steps future state forecast;Lithium-ion battery;Energy cells and batteries;Time series;Current, Impedance, Temperature, Voltage;Data-driven;Linear Gaussian Process Functional Regression (LGPFR);Off-line;Prognostics for state of health estimation of lithium-ion batteries based on combination Gaussian process functional regression;doi.org/10.1016/j.microrel.2013.03.010
101;2013;Multiple steps future state forecast;Lithium-ion battery;Energy cells and batteries;Time series;Current, Impedance, Temperature, Voltage;Data-driven;Gaussian Process Functional Regression with Quadratic Polynomial Mean Function (QGPFR);Off-line;Prognostics for state of health estimation of lithium-ion batteries based on combination Gaussian process functional regression;doi.org/10.1016/j.microrel.2013.03.010
102;2013;Multiple steps future state forecast;Lithium-ion battery;Energy cells and batteries;Time series;Current, Impedance, Temperature, Voltage;Data-driven;Linear Gaussian Process Functional Regression (LGPFR);Off-line;Prognostics for state of health estimation of lithium-ion batteries based on combination Gaussian process functional regression;doi.org/10.1016/j.microrel.2013.03.010
103;2013;Multiple steps future state forecast;Lithium-ion battery;Energy cells and batteries;Time series;Current, Impedance, Temperature, Voltage;Data-driven;Gaussian Process Functional Regression with Quadratic Polynomial Mean Funtion (QGPFR);Off-line;Prognostics for state of health estimation of lithium-ion batteries based on combination Gaussian process functional regression;doi.org/10.1016/j.microrel.2013.03.010
104;2018;Health assessment;Rolling bearings;Rotary machines;Signals;Acceleration, Frequency, Spinning speed;Physics-based;Recursive Least Squares (RLS);Online;Prognostics and Health Management of Bearings Based on Logarithmic Linear Recursive Least-Squares and Recursive Maximum Likelihood Estimation;doi.org/10.1109/TIE.2017.2733469
105;2018;Remaining useful life estimation;Rolling bearings;Rotary machines;Signals;Health index;Physics-based;Recursive Least Squares (RLS);Online;Prognostics and Health Management of Bearings Based on Logarithmic Linear Recursive Least-Squares and Recursive Maximum Likelihood Estimation;doi.org/10.1109/TIE.2017.2733469
106;2009;One step future state forecast;Low methane compressors;Reciprocating machines;Time series;Vibrations;Data-driven;Monte Carlo method;Off-line;Machine condition prognosis based on sequential Monte Carlo method;doi:10.1016/j.eswa.2009.07.014
107;2018;Remaining useful life estimation;Cutter tool;Rotary machines;Signals;Acceleration;Data-driven;Sequential Monte Carlo (SMC);Online;Sequential Monte Carlo Method Toward Online RUL Assessment with Applications;doi.org/10.1186/s10033-018-0205-
108;2011;Remaining useful life estimation;Simulated gas turbine;Rotary machines;Time series;Temperature;Data-driven;Sequential Monte Carlo (SMC);Off-line;Application of a state space modeling technique to system prognostics based on a health index for condition-based maintenance;doi:10.1016/j.ymssp.2011.09.029
109;2018;Remaining useful life estimation;Rolling bearings;Rotary machines;Time series;Acustic, Load;Data-driven;Zero Mean GPR;Off-line;Prognostics of slow speed bearings using a composite integrated Gaussian process regression model;DOI:_10.1080/00207543.2018.1470340
110;2018;Remaining useful life estimation;Rolling bearings;Rotary machines;Time series;Acustic, Load;Data-driven;Constant Mean GPR;Off-line;Prognostics of slow speed bearings using a composite integrated Gaussian process regression model;DOI:_10.1080/00207543.2018.1470340
111;2018;Remaining useful life estimation;Rolling bearings;Rotary machines;Time series;Acustic, Load;Data-driven;Linear Mean GPR;Off-line;Prognostics of slow speed bearings using a composite integrated Gaussian process regression model;DOI:_10.1080/00207543.2018.1470340
112;2018;Remaining useful life estimation;Rolling bearings;Rotary machines;Time series;Acustic, Load;Data-driven;Affine Mean GPR;Off-line;Prognostics of slow speed bearings using a composite integrated Gaussian process regression model;DOI:_10.1080/00207543.2018.1470340
113;2018;Remaining useful life estimation;Rolling bearings;Rotary machines;Time series;Acustic, Load;Data-driven;Quadratic Mean GPR;Off-line;Prognostics of slow speed bearings using a composite integrated Gaussian process regression model;DOI:_10.1080/00207543.2018.1470340
114;2018;Remaining useful life estimation;Rolling bearings;Rotary machines;Time series;Acustic, Load;Data-driven;Cubic Mean GPR;Off-line;Prognostics of slow speed bearings using a composite integrated Gaussian process regression model;DOI:_10.1080/00207543.2018.1470340
115;2018;Remaining useful life estimation;Rolling bearings;Rotary machines;Time series;Acustic, Load;Data-driven;Zero Mean GPR;Off-line;Prognostics of slow speed bearings using a composite integrated Gaussian process regression model;DOI:_10.1080/00207543.2018.1470340
116;2018;Remaining useful life estimation;Rolling bearings;Rotary machines;Time series;Acustic, Load;Data-driven;Constant Mean GPR;Off-line;Prognostics of slow speed bearings using a composite integrated Gaussian process regression model;DOI:_10.1080/00207543.2018.1470340
117;2018;Remaining useful life estimation;Rolling bearings;Rotary machines;Time series;Acustic, Load;Data-driven;Linear Mean GPR;Off-line;Prognostics of slow speed bearings using a composite integrated Gaussian process regression model;DOI:_10.1080/00207543.2018.1470340
118;2018;Remaining useful life estimation;Rolling bearings;Rotary machines;Time series;Acustic, Load;Data-driven;Affine Mean GPR;Off-line;Prognostics of slow speed bearings using a composite integrated Gaussian process regression model;DOI:_10.1080/00207543.2018.1470340
119;2018;Remaining useful life estimation;Rolling bearings;Rotary machines;Time series;Acustic, Load;Data-driven;Quadratic Mean GPR;Off-line;Prognostics of slow speed bearings using a composite integrated Gaussian process regression model;DOI:_10.1080/00207543.2018.1470340
120;2018;Remaining useful life estimation;Rolling bearings;Rotary machines;Time series;Acustic, Load;Data-driven;Cubic Mean GPR;Off-line;Prognostics of slow speed bearings using a composite integrated Gaussian process regression model;DOI:_10.1080/00207543.2018.1470340
121;2018;Remaining useful life estimation;Unknown Item;Unknown Item Type;Structured text-based;Health index;Data-driven;Transition matrix method;Off-line;Evaluation of Reliability Function and Mean Residual Life for Degrading Systems Subject to Condition Monitoring and Random Failure;DOI: 10.1109/TR.2017.2779322
122;2019;Remaining useful life estimation;Lithium-ion battery;Energy cells and batteries;Time series;Current, Temperature, Time, Voltage;Physics-based;Unscented Kalman Filtering;Off-line;Exploring Gaussian Process Regression and Unscented Kalman Filtering for Battery Prognostics;DOI:_10.2514/6.2019-0685
123;2019;Remaining useful life estimation;Lithium-ion battery;Energy cells and batteries;Time series;Current, Temperature, Time, Voltage;Data-driven;Gaussian Process Regression (GPR);Off-line;Exploring Gaussian Process Regression and Unscented Kalman Filtering for Battery Prognostics;DOI:_10.2514/6.2019-0685
124;2015;Remaining useful life estimation;Simulated jet-engines data;Rotary machines;Time series;Not specified others;Data-driven;Monte carlo simulation;Off-line;A STOCHASTIC ASSET LIFE PREDICTION METHOD FOR LARGE FLEET DATASETS IN BIG DATA ENVIRONMENT;DOI:_10.1115/IMECE2015-52458
125;2015;Remaining useful life estimation;Simulated jet-engines data;Rotary machines;Time series;Not specified others;Data-driven;Multi-layer perceptron neural network;Off-line;A STOCHASTIC ASSET LIFE PREDICTION METHOD FOR LARGE FLEET DATASETS IN BIG DATA ENVIRONMENT;DOI:_10.1115/IMECE2015-52458
126;2015;Remaining useful life estimation;Simulated jet-engines data;Rotary machines;Time series;Not specified others;Data-driven;Trajectory Similarity;Off-line;A STOCHASTIC ASSET LIFE PREDICTION METHOD FOR LARGE FLEET DATASETS IN BIG DATA ENVIRONMENT;DOI:_10.1115/IMECE2015-52458
127;2014;Remaining useful life estimation;Turbofan engine;Energy cells and batteries, Rotary machines;Time series;Corrected fan speed, Physical fan speed;Data-driven;k-nearest neighbors;Online;Data-driven prognostic method based on Bayesian approaches for direct remaining useful life prediction;DOI_10.1007/s10845-014-0933-4
128;2014;Remaining useful life estimation;Lithium-ion battery;Energy cells and batteries, Rotary machines;Time series;Battery capacity, Voltage at discharge;Data-driven;k-nearest neighbors;Online;Data-driven prognostic method based on Bayesian approaches for direct remaining useful life prediction;DOI_10.1007/s10845-014-0933-4
129;2016;Multiple steps future state forecast;Rectifier system;Electrical components;Time series;Peak to peak of ripple voltaje, Ripple factor;Data-driven;Stochastic simulation;Off-line;Methodologies for System-level Remaining Useful Life Prediction;dx.doi.org/10.1016/j.ress.2016.05.006
130;2016;Multiple steps future state forecast;Rectifier system;Electrical components;Time series;Peak to peak of ripple voltaje, Ripple factor;Data-driven;inverse-FORM;Off-line;Methodologies for System-level Remaining Useful Life Prediction;dx.doi.org/10.1016/j.ress.2016.05.006
131;2017;One step future state forecast;Cutter tool;Rotary machines;Signals;Cutting force, Flank wear width;Data-driven;Gaussian Process Regression (GPR);Online;Gaussian process regression for tool wear prediction;doi.org/10.1016/j.ymssp.2017.11.021
132;2017;One step future state forecast;Cutter tool;Rotary machines;Signals;Cutting force, Flank wear width;Data-driven;v-support vector regression;Online;Gaussian process regression for tool wear prediction;doi.org/10.1016/j.ymssp.2017.11.021
133;2017;One step future state forecast;Cutter tool;Rotary machines;Signals;Cutting force, Flank wear width;Data-driven;Least Square Support Vector Machine;Online;Gaussian process regression for tool wear prediction;doi.org/10.1016/j.ymssp.2017.11.021
134;2017;One step future state forecast;Cutter tool;Rotary machines;Signals;Cutting force, Flank wear width;Data-driven;Back Propagation Neural Network;Online;Gaussian process regression for tool wear prediction;doi.org/10.1016/j.ymssp.2017.11.021
135;2017;One step future state forecast;Cutter tool;Rotary machines;Signals;Cutting force, Flank wear width;Data-driven;Elman Neural Network Model;Online;Gaussian process regression for tool wear prediction;doi.org/10.1016/j.ymssp.2017.11.021
136;2017;Multiple steps future state forecast;Lithium-ion battery;Energy cells and batteries;Time series;Not specified others;Data-driven;Gaussian Process Regression (GPR);Off-line;Prognostics for State of Health of Lithium-Ion Batteries Based on Gaussian Process Regression;doi.org/10.1155/2018/8358025
137;2017;Multiple steps future state forecast;Lithium-ion battery;Energy cells and batteries;Time series;Not specified others;Data-driven;Linear Gaussian Process Functional Regression (LGPFR);Off-line;Prognostics for State of Health of Lithium-Ion Batteries Based on Gaussian Process Regression;doi.org/10.1155/2018/8358025
138;2017;Multiple steps future state forecast;Lithium-ion battery;Energy cells and batteries;Time series;Not specified others;Data-driven;Gaussian Process Functional Regression with Quadratic Polynomial Mean Funtion (QGPFR);Off-line;Prognostics for State of Health of Lithium-Ion Batteries Based on Gaussian Process Regression;doi.org/10.1155/2018/8358025
139;2017;Multiple steps future state forecast;Lithium-ion battery;Energy cells and batteries;Time series;Not specified others;Data-driven;Combination Linear Gaussian Process Functional Regression (LGPFR);Off-line;Prognostics for State of Health of Lithium-Ion Batteries Based on Gaussian Process Regression;doi.org/10.1155/2018/8358025
140;2017;Multiple steps future state forecast;Lithium-ion battery;Energy cells and batteries;Time series;Not specified others;Data-driven;Combination Gaussian Process Functional Regression with Quadratic Polynomial Mean Funtion (QGPFR);Off-line;Prognostics for State of Health of Lithium-Ion Batteries Based on Gaussian Process Regression;doi.org/10.1155/2018/8358025
141;2017;Multiple steps future state forecast;Lithium-ion battery;Energy cells and batteries;Time series;Not specified others;Data-driven;Spectral mixture kernels Gaussian process regression SMK-GPR;Off-line;Prognostics for State of Health of Lithium-Ion Batteries Based on Gaussian Process Regression;doi.org/10.1155/2018/8358025
142;2017;Multiple steps future state forecast;Lithium-ion battery;Energy cells and batteries;Time series;Not specified others;Data-driven;Multiscale Gaussian Process Regression methods with squared exponential function SE-MGPR;Off-line;Prognostics for State of Health of Lithium-Ion Batteries Based on Gaussian Process Regression;doi.org/10.1155/2018/8358025
143;2017;Multiple steps future state forecast;Lithium-ion battery;Energy cells and batteries;Time series;Not specified others;Data-driven;Multiscale GPR methods with periodic covariance function P-MGPR;Off-line;Prognostics for State of Health of Lithium-Ion Batteries Based on Gaussian Process Regression;doi.org/10.1155/2018/8358025
144;2017;Multiple steps future state forecast;Lithium-ion battery;Energy cells and batteries;Time series;Not specified others;Data-driven;Gaussian process regression with neural network (GPRNN);Off-line;Prognostics for State of Health of Lithium-Ion Batteries Based on Gaussian Process Regression;doi.org/10.1155/2018/8358025
145;2017;Multiple steps future state forecast;Lithium-ion battery;Energy cells and batteries;Time series;Not specified others;Data-driven;Gaussian process regression with neural network (GPRNN);Off-line;Prognostics for State of Health of Lithium-Ion Batteries Based on Gaussian Process Regression;doi.org/10.1155/2018/8358025
146;2017;Multiple steps future state forecast;Lithium-ion battery;Energy cells and batteries;Time series;Not specified others;Data-driven;Gaussian process regression with neural network (GPRNN);Off-line;Prognostics for State of Health of Lithium-Ion Batteries Based on Gaussian Process Regression;doi.org/10.1155/2018/8358025
147;2018;Remaining useful life estimation;Lead-acid batteries;Energy cells and batteries;Time series;Resistance, Time;Data-driven;Wiener process;Off-line;Prediction of hard failures with stochastic degradation signals using Wiener process and proportional hazards model;doi.org/10.1016/j.cie.2018.09.015
148;2018;Remaining useful life estimation;Lead-acid batteries;Energy cells and batteries;Time series;Resistance, Time;Data-driven;Back Propagation Neural Network;Off-line;Prediction of hard failures with stochastic degradation signals using Wiener process and proportional hazards model;doi.org/10.1016/j.cie.2018.09.015
149;2018;Remaining useful life estimation;Lead-acid batteries;Energy cells and batteries;Time series;Resistance, Time;Data-driven;Neural network;Off-line;Prediction of hard failures with stochastic degradation signals using Wiener process and proportional hazards model;doi.org/10.1016/j.cie.2018.09.015
150;2019;Remaining useful life estimation;Rolling bearings;Rotary machines;Time series;Gyroscope drift;Data-driven;Gaussian Process Regression (GPR);Off-line;Physics-based Gaussian process for the health monitoring for a rolling bearing;https://doi.org/10.1016/j.actaastro.2018.10.029
151;2019;Remaining useful life estimation;Rolling bearings;Rotary machines;Time series;gyroscope drift;Data-driven;Gaussian Process Regression (GPR);Off-line;Physics-based Gaussian process for the health monitoring for a rolling bearing;https://doi.org/10.1016/j.actaastro.2018.10.029
152;2019;Remaining useful life estimation;Rolling bearings;Rotary machines;Time series;gyroscope drift;Data-driven;Gaussian Process Regression (GPR);Off-line;Physics-based Gaussian process for the health monitoring for a rolling bearing;https://doi.org/10.1016/j.actaastro.2018.10.029
153;2012;Health assessment;Lithium-ion battery;Energy cells and batteries;Time series;Health index;Data-driven;Gaussian Process Regression (GPR);Off-line;Data-driven Prognostics for Lithium-ion Battery Based on Gaussian Process Regression;978·14577-1911-0/12/
154;2012;Health assessment;Lithium-ion battery;Energy cells and batteries;Time series;Health index;Data-driven;Gaussian Process Regression (GPR);Off-line;Data-driven Prognostics for Lithium-ion Battery Based on Gaussian Process Regression;978·14577-1911-0/12/
155;2009;Remaining useful life estimation;Lead bismuth eutectic experimental accelerator driven sistem;Unknown Item Type;Signals;Temperature;Data-driven;Point wise fuzzy;Off-line;A data-drivenfuzzy approach for predicting there maining useful life in dynamic failure scenarios of a nuclear system;Unknown_Identifier
156;2018;Remaining useful life estimation;Engine;Rotary machines;Time series;Static pressure, Temperature, Total Pressure;Data-driven;Hidden Markov;Off-line;K-PdM: KPI-Oriented Machinery Deterioration Estimation Framework for Predictive Maintenance Using Cluster-Based Hidden Markov Model;https://doi.org/10.1109/ACCESS.2018.2859922
157;2018;Remaining useful life estimation;Engine;Rotary machines;Time series;Static pressure, Temperature, Total Pressure;Data-driven;Hidden Markov;Off-line;K-PdM: KPI-Oriented Machinery Deterioration Estimation Framework for Predictive Maintenance Using Cluster-Based Hidden Markov Model;https://doi.org/10.1109/ACCESS.2018.2859922
158;2018;Remaining useful life estimation;Engine;Rotary machines;Time series;Static pressure, Temperature, Total Pressure;Data-driven;Hidden Markov;Off-line;K-PdM: KPI-Oriented Machinery Deterioration Estimation Framework for Predictive Maintenance Using Cluster-Based Hidden Markov Model;https://doi.org/10.1109/ACCESS.2018.2859922
159;2018;Health modelling;Engine;Rotary machines;Time series;Static pressure, Temperature, Total Pressure;Data-driven;Hidden Markov;Off-line;K-PdM: KPI-Oriented Machinery Deterioration Estimation Framework for Predictive Maintenance Using Cluster-Based Hidden Markov Model;https://doi.org/10.1109/ACCESS.2018.2859922
160;2017;Health modelling;Vehicle suspension;Structures;Time series;degradation;Data-driven;Markov chain;Off-line;Predictive maintenance of complex system with multi-level reliability structure;http://dx.doi.org/10.1080/00207543.2017.1299947
161;2017;Health modelling;Vehicle suspension;Structures;Time series;degradation;Data-driven;Markov chain;Off-line;Predictive maintenance of complex system with multi-level reliability structure;http://dx.doi.org/10.1080/00207543.2017.1299947
162;2018;Remaining useful life estimation;Rolling bearings;Rotary machines;Time series;Vibrations;Data-driven;Nonlinear regression;Online;Real-Time Remaining Useful Life Prediction for a Nonlinear Degrading System in Service:Application to Bearing Data;http://doi.org/_10.1109/TMECH.2017.2666199
163;2018;Remaining useful life estimation;Rolling bearings;Rotary machines;Time series;Vibrations;Data-driven;Nonlinear regression;Online;Real-Time Remaining Useful Life Prediction for a Nonlinear Degrading System in Service:Application to Bearing Data;http://doi.org/_10.1109/TMECH.2017.2666199
164;2018;Health modelling;Rolling bearings;Rotary machines;Time series;Vibrations;Data-driven;Nonlinear regression;Online;Real-Time Remaining Useful Life Prediction for a Nonlinear Degrading System in Service:Application to Bearing Data;http://doi.org/_10.1109/TMECH.2017.2666199
165;2018;Health modelling;Rolling bearings;Rotary machines;Time series;Vibrations;Data-driven;Nonlinear regression;Online;Real-Time Remaining Useful Life Prediction for a Nonlinear Degrading System in Service:Application to Bearing Data;http://doi.org/_10.1109/TMECH.2017.2666199
166;2018;Fault detection;Wind turbines;Rotary machines;Time series;Temperature;Data-driven;Gaussian process clasifiers(GPC);Off-line;Wind turbine fault diagnosis based on Gaussian process classifiers applied to operational data;https://doi.org/10.1016/j.renene.2018.10.088
167;2018;Fault detection;Wind turbines;Rotary machines;Time series;Wind power;Data-driven;Gaussian process clasifiers(GPC);Online;Wind turbine fault diagnosis based on Gaussian process classifiers applied to operational data;https://doi.org/10.1016/j.renene.2018.10.088
168;2014;Health modelling;electric cooling fan health pronostic;Rotary machines;Time series;Temperature, Vibration;Data-driven;copula based sampling;Off-line;A copula-based sampling method for data-driven prognostics;http://dx.doi.org/10.1016/j.ress.2014.06.014
169;2014;Remaining useful life estimation;electric cooling fan health pronostic;Rotary machines;Time series;Temperature, Vibration;Data-driven;copula based sampling;Online;A copula-based sampling method for data-driven prognostics;http://dx.doi.org/10.1016/j.ress.2014.06.014
170;2014;Remaining useful life estimation;2008 IEEE PHM challenge problem;Rotary machines;Time series;Vibration;Data-driven;copula based sampling;Off-line;A copula-based sampling method for data-driven prognostics;http://dx.doi.org/10.1016/j.ress.2014.06.014
171;2016;Health modelling;carbon epoxy coupons;Structures;Time series;Energy, Hits;Data-driven;Hidden Markov;Off-line;Fatigue damage diagnostics and prognostics of composites utilizing structural health monitoring data and stochastic processes;DOI:_10.1177/1475921716646579
172;2016;Remaining useful life estimation;carbon epoxy coupons;Structures;Time series;energy, hits;Data-driven;Hidden Markov;Off-line;Fatigue damage diagnostics and prognostics of composites utilizing structural health monitoring data and stochastic processes;DOI:_10.1177/1475921716646579
173;2016;Health assessment;carbon epoxy coupons;Structures;Time series;energy, hits;Data-driven;Hidden Markov;Off-line;Fatigue damage diagnostics and prognostics of composites utilizing structural health monitoring data and stochastic processes;DOI:_10.1177/1475921716646579
174;2012;Health modelling;Infraestructure;Structures;Time series;Traffic volume;Data-driven;Hidden Markov;Off-line;A statistical deterioration forecasting method using hidden Markov model for infrastructure management;doi:10.1016/j.trb.2011.11.008
175;2007;Fault detection;Railway track circuit;Electrical components;Time series;Current, Voltage;Data-driven, Knowledge-based;Fuzzy Inference System, Neural Network;Off-line;Fault detection and diagnosis for railway track circuits using neuro-fuzzy systems;doi:10.1016/j.conengprac.2007.06.007
176;2007;Fault identification;Railway track circuit;Electrical components;Time series;Current, Voltage;Data-driven, Knowledge-based;Fuzzy Inference System, Neural Network;Off-line;Fault detection and diagnosis for railway track circuits using neuro-fuzzy systems;doi:10.1016/j.conengprac.2007.06.007
177;2019;Health assessment;Railway track geometry;Structures;Time series;Elastic strains, Life cycles, Mechanical Pressure, Mechanical stresses, Plastic strains;Data-driven, Physics-based;Bayes model, Physics-based model for track settlement;Off-line;A knowledge-based prognostics framework for railway track geometry degradation;doi.org/10.1016/j.ress.2018.07.004
178;2019;Remaining useful life estimation;Railway track geometry;Structures;Time series;Elastic strains, Life cycles, Mechanical Pressure, Mechanical stresses, Plastic strains;Data-driven, Physics-based;Bayes model, Particle Filter, Physics-based model for track settlement;Online;A knowledge-based prognostics framework for railway track geometry degradation;doi.org/10.1016/j.ress.2018.07.004
179;2019;Health modelling;Railway track geometry;Structures;Time series;Flue gas temperature, Steam mass flow, Tube thickness;Data-driven, Physics-based;Gamma Process, Physical erosion model;Off-line;Degradation modeling and condition-based maintenance of boiler heat exchangers using gamma processes;doi.org/10.1016/j.ress.2018.11.023
180;2015;Health modelling;Filters;Structures;Time series;Cake thickness, Porosity, Pressure drop, Volumetric flow rate;Physics-based;Filter clogging model;Off-line;Physics-based prognostic modelling of filter clogging phenomena;dx.doi.org/10.1016/j.ymssp.2015.12.011
181;2015;Remaining useful life estimation;Filters;Structures;Time series;Cake thickness, Porosity, Pressure drop, Volumetric flow rate;Physics-based;Particle Filter;Off-line;Physics-based prognostic modelling of filter clogging phenomena;dx.doi.org/10.1016/j.ymssp.2015.12.011
182;2010;Remaining useful life estimation;Simulated jet-engines data;Rotary machines;Time series;Health index;Data-driven;Multi-layer perceptron neural network;Off-line;Evaluation of Neural Networks in the Subject of Prognostics As Compared To Linear Regression Model;103706-5252_IJET-IJENS
183;2010;Multiple steps future state forecast;Continuous stirred-tank reactor (CSTR);Structures;Time series;Flow rate, Temperature;Knowledge-based, Data-driven;Belief rule-based model, Hidden Markov;Online;A model for real-time failure prognosis based on hidden Markov model and belief rule base;doi:10.1016/j.ejor.2010.03.032
184;2017;Remaining useful life estimation;Production plant machines;Rotary machines;Time series;Current, Power, Temperature, Voltage;Data-driven, Physics-based;ARIMA model, Paris Law;Online;A RUL Calculation Approach Based on Physicalbased Simulation Models for Predictive Maintenance;doi:10.1109/ICE.2017.8280022
185;2017;Remaining useful life estimation;Lithium-ion battery;Energy cells and batteries;Time series;Battery capacity;Data-driven;Relevance vector machine;Off-line;A new hybird method for the prediction of the remaining useful life o a lithium-ion battery;doi.org/10.1016/j.apenergy.2017.09.106
186;2017;Remaining useful life estimation;Lithium-ion battery;Energy cells and batteries;Time series;Battery capacity;Physics-based;Kalman Filter;Off-line;A new hybird method for the prediction of the remaining useful life o a lithium-ion battery;doi.org/10.1016/j.apenergy.2017.09.106
187;2017;Remaining useful life estimation;Lithium-ion battery;Energy cells and batteries;Time series;Battery capacity;Physics-based, Data-driven;Kalman Filter, Relevance vector machine;Off-line;A new hybird method for the prediction of the remaining useful life o a lithium-ion battery;doi.org/10.1016/j.apenergy.2017.09.106
188;2015;Health assessment;Aircraft engines;Rotary machines;Time series;Exhaust gas temperature margin;Knowledge-based, Data-driven;Fuzzy Inference System, Markov chain;Off-line;An Improved Prediction Model for Equipment Performance Degradation based on Fuzzy-Markov Chain;doi_:_10.1109/IEEM.2015.7385597
189;2012;Fault identification;Wind turbines;Electrical components;Time series;Thickness irregularities;Physics-based;FEM (Finite Element Method);Off-line;Fatigue analysis of copper conductor for offshore wind turbines by experimental and FE method;doi:_10.1016/j.egypro.2012.06.109
190;2013;Fault feature extraction;Simulated jet-engines data;Rotary machines;Signals;Fluid Pressure, Spinning speed, Temperature;Knowledge-based;Discrete-time system;Online;A Multiple Model-Based Approach for Fault Diagnosis of Jet Engines;doi_:10.1109/TCST.2011.2177981
191;2013;Fault detection;Simulated jet-engines data;Rotary machines;Time series;Control input vector, Measurement vector;Data-driven, Physics-based;Bayes model, Kalman Filter;Online;A Multiple Model-Based Approach for Fault Diagnosis of Jet Engines;doi_:10.1109/TCST.2011.2177981
192;2013;Fault identification;Simulated jet-engines data;Rotary machines;Time series;Control input vector, Measurement vector;Data-driven, Physics-based;Bayes model, Kalman Filter;Online;A Multiple Model-Based Approach for Fault Diagnosis of Jet Engines;doi_:10.1109/TCST.2011.2177981
193;2019;Health assessment;Lithium-ion battery;Energy cells and batteries;Time series;Loss of active materials of the negative electrode, Loss of active materials of the positive electrode, Loss of lithium inventory;Data-driven;Non-linear least squares with dynamic bounds;Off-line;Physics-based prognostics of lithium-ion battery using non-linear least squares with dynamic bounds.;doi.org/10.1016/j.ress.2018.09.018
194;2019;Remaining useful life estimation;Lithium-ion battery;Energy cells and batteries;Time series;Loss of active materials of the negative electrode, Loss of active materials of the positive electrode, Loss of lithium inventory;Physics-based;Half-cell model;Online;Physics-based prognostics of lithium-ion battery using non-linear least squares with dynamic bounds.;doi.org/10.1016/j.ress.2018.09.018
195;2002;Fault detection;Rotor shafts;Rotary machines;Time series;Cracked source shaft vector , Imbalance source vector;Physics-based, Data-driven, Knowledge-based;Dynamical model for rotating machines, Gauss-Markov processes, Kalman Filter, Rule-based system;Online;Physically Based Diagnosis and Prognosis of Cracked Rotor Shafts;doi.org/10.1117/12.475502
196;2002;Fault identification;Rotor shafts;Rotary machines;Time series;Cracked source shaft vector , Imbalance source vector;Physics-based, Data-driven;Dynamical model for rotating machines, Gauss-Markov processes, Kalman Filter, Markov chain;Online;Physically Based Diagnosis and Prognosis of Cracked Rotor Shafts;doi.org/10.1117/12.475502
197;2002;Remaining useful life estimation;Rotor shafts;Rotary machines;Time series;Current crack depth;Physics-based;Forman crack growth law ;Online;Physically Based Diagnosis and Prognosis of Cracked Rotor Shafts;doi.org/10.1117/12.475502
198;2020;Fault feature extraction;Rolling bearings;Rotary machines;Signals;Vibration;Data-driven;Self-Organizing Maps;Off-line;A Model-Based Method for Remaining Useful Life Prediction of Machinery;doi:_10.1109/TR.2016.2570568
199;2020;Remaining useful life estimation;Rolling bearings;Rotary machines;Time series;Weighted minimum quantization error;Physics-based;Paris Law;Off-line;A Model-Based Method for Remaining Useful Life Prediction of Machinery;doi:_10.1109/TR.2016.2570568
200;2019;Fault detection;Pipelines;Pipelines and ducts;Signals;Average pressure change , Flow rate;Data-driven, Knowledge-based;Bayes model, Belief rule-based model, Monte Carlo method;Online;Online updating belief-rule-base using Bayesian estimation;doi.org/10.1016/j.knosys.2019.02.007
201;2017;Fault identification;Railway track circuit;Electrical components;Time series;Spatial dependencies , Temporal dependencies;Data-driven;Bayes model;Off-line;Bayesian and DempsterShafer reasoning for knowledge-based fault diagnosisA comparative study;doi.org/10.1016/j.engappai.2017.01.011
202;2017;Fault identification;Railway track circuit;Electrical components;Time series;Spatial dependencies , Temporal dependencies;Data-driven;DempsterShafer theory;Off-line;Bayesian and DempsterShafer reasoning for knowledge-based fault diagnosisA comparative study;doi.org/10.1016/j.engappai.2017.01.011
203;2018;Fault identification;Wind turbines;Rotary machines;Signals;Current, Spinning speed, Torque;Physics-based, Data-driven;Geolocation principal , Principal component analysis;Online;Hybrid method for remaining useful life prediction in wind turbine systems;doi.org/10.1016/j.renene.2017.05.020
204;2018;Remaining useful life estimation;Wind turbines;Rotary machines;Time series;Degradation speed, Distance;Physics-based;Geolocation principal ;Online;Hybrid method for remaining useful life prediction in wind turbine systems;doi.org/10.1016/j.renene.2017.05.020
205;2013;Health modelling;Electrolytic capacitors ;Electrical components;Signals;Capacitator impedance frecuency response;Physics-based;Capacitance degradation model;Online;Physics based Degradation Modeling and Prognostics of Electrolytic Capacitors under Electrical Overstress Conditions;doi:_10.2514/6.2013-5137
206;2013;Health modelling;Electrolytic capacitors ;Electrical components;Signals;Capacitator impedance frecuency response;Physics-based;Equivalent series resistance (ESR) degradation model;Online;Physics based Degradation Modeling and Prognostics of Electrolytic Capacitors under Electrical Overstress Conditions;doi:_10.2514/6.2013-5137
207;2013;Remaining useful life estimation;Electrolytic capacitors ;Electrical components;Signals;Capacitator impedance frecuency response;Data-driven, Physics-based;Bayes model, Capacitance Degradation Dynamic Model, UKF (Unscented Kalman Filter);Online;Physics based Degradation Modeling and Prognostics of Electrolytic Capacitors under Electrical Overstress Conditions;doi:_10.2514/6.2013-5137
208;2013;Remaining useful life estimation;Electrolytic capacitors ;Electrical components;Signals;Capacitator impedance frecuency response;Data-driven, Physics-based;Bayes model, ESR (Equivalent series resistance ) Degradation Dynamic Model, UKF (Unscented Kalman Filter);Online;Physics based Degradation Modeling and Prognostics of Electrolytic Capacitors under Electrical Overstress Conditions;doi:_10.2514/6.2013-5137
209;2018;Fault detection;Simulated jet-engines data;Rotary machines;Time series;Modeled values, Spinning speed;Knowledge-based;Voting method;Online;Fault Detection and Isolation of an Aircraft Turbojet Engine Using a Multi-Sensor Network and Multiple Model Approach;doi:_10.12700/APH.15.1.2018.2.10
210;2018;Fault identification;Simulated jet-engines data;Rotary machines;Time series;Results of a fault detection method ;Knowledge-based;Expert system;Online;Fault Detection and Isolation of an Aircraft Turbojet Engine Using a Multi-Sensor Network and Multiple Model Approach;doi:_10.12700/APH.15.1.2018.2.10
211;2013;Fault detection;Simulated jet-engines data;Rotary machines;Time series;Altitude, Compressor Pressure, Compressor Temperature, Fuel flow, Mach Number, Shaft speed, Turbine Pressure, Turbine Temperature;Physics-based, Data-driven;Hybrid Kalman Filter, OBEM model, Piecewise linear model (PWL);Off-line;Multiple-Model Based Sensor Fault Diagnosis Using Hybrid Kalman Filter Approach for Nonlinear Gas Turbine Engines;doi:_10.1109/ACC.2013.6580567
212;2013;Fault identification;Simulated jet-engines data;Rotary machines;Time series;Altitude, Compressor Pressure, Compressor Temperature, Fuel flow, Mach Number, Shaft speed, Turbine Pressure, Turbine Temperature;Physics-based, Data-driven;Hybrid Kalman Filter, OBEM model, Piecewise linear model (PWL);Off-line;Multiple-Model Based Sensor Fault Diagnosis Using Hybrid Kalman Filter Approach for Nonlinear Gas Turbine Engines;doi:_10.1109/ACC.2013.6580567
213;2012;Health assessment;Solder elements;Electrical components;Time series;Temperature;Physics-based;Damage accumulation model;Off-line;Physics of failure as a basis for solder elements reliability assessment in wind turbines;doi:_10.1016/j.ress.2012.06.020
214;2014;Remaining useful life estimation;Lithium-ion battery;Energy cells and batteries;Time series;Current, Voltage;Data-driven, Physics-based;Markov chain, Particle Filter, Support vector regression;Off-line;Review of Hybrid Prognostics Approaches for Remaining Useful Life Prediction of Engineered Systems, and an Application to Battery Life Prediction;doi:_10.1109/TR.2014.2299152
215;2015;Fault detection;Switching power converters;Electrical components;Signals;Info vector;Physics-based;Switched linear state estimator;Online;Model-Based Fault Detection and Identification for Switching Power Converters;doi:_10.1109/TPEL.2016.2541342
216;2015;Fault identification;Switching power converters;Electrical components;Signals;Info vector;Physics-based;Switched linear state estimator;Online;Model-Based Fault Detection and Identification for Switching Power Converters;doi:_10.1109/TPEL.2016.2541342
217;2014;Health modelling;Lithium-ion battery;Energy cells and batteries;Time series;Equilibrium potential, Exchange current density;Physics-based;Electrochemical-termal model;Off-line;Development of a physics-based degradation model for lithium ion polymer batteries considering side reactions;doi:_10.1016/j.jpowsour.2014.12.059
218;2016;Fault detection;Polymer Electrolyte Membrane Fuel Cell;Energy cells and batteries;Time series;Compressor Flow Rate, Compressor Motor Torque, Compressor Voltage, FC stack temperature, Load Torque, Lumped volume of cathode, Molar mass nitrogen, Molar mass oxygen;Physics-based;ST SMO ;Off-line;Robust Model-Based Fault Diagnosis for PEM Fuel Cell Air-Feed System;doi:_10.1109/TIE.2016.2535118
219;2003;Remaining useful life estimation;Rolling bearings;Rotary machines;Signals;In-line oil debris, Vibration Analysis MEMS;Data-driven, Physics-based;Spall Initiation Model, Spall Progression Model;Online;Prognostics/Diagnostics for Gas Turbine Engine Bearings;doi:_10.1109/AERO.2003.1234152
220;2018;Multiple steps future state forecast;Simulated jet-engines data;Rotary machines;Time series;Fluid Pressure, Fuel flow, Humidity, Power, Temperature;Data-driven, Knowledge-based;ANFIS (Adaptive Neuro-Fuzzy Inference System), Particle Filter;Off-line;Hybrid sequential fault estimation for multi-mode diagnosis of gas turbine engines;doi:10.1016/j.ymssp.2018.05.054
221;2008;Health assessment;Production plant machines;Structures;Time series;N dimensional feature vector;Data-driven, Knowledge-based;Linear regression, Rule-based system;Off-line;A similarity-based prognostics approach for Remaining Useful Life estimation of engineered systems;doi:10.1109/PHM.2008.4711421
222;2008;Remaining useful life estimation;Production plant machines;Structures;Time series;Health index, Model, Number of cycles;Data-driven;Regression models;Off-line;A similarity-based prognostics approach for Remaining Useful Life estimation of engineered systems;doi:10.1109/PHM.2008.4711421
223;2020;Remaining useful life estimation;Aerial Bundled Cables;Electrical components;Time series;Real infrared thermography data;Physics-based;Kalman Filter;Off-line;Kalman Filter Based Prediction of Remaining Useful Life of Aerial Bundled Cables;doi:10.1109/iCoMET48670.2020.9073861
224;2009;Health modelling;Rolling bearings;Rotary machines;Signals;Aircraft Maneuvers, Rotor speed, Vibration;Physics-based, Knowledge-based;Fuzzy Inference System, SVM Regression;Online;Prognostics model for predicting aero-engine bearing Grade-life;doi:10.1115/GT2009-59641
225;2019;Remaining useful life estimation;Rechargeable batteries with capacity regeneration phenomena;Energy cells and batteries;Time series;Battery capacity degradation data;Data-driven;Piecewise model;Off-line;Piecewise model based intelligent prognostics for state of health prediction of rechargeable batteries with capacity regeneration phenomena;doi:10.1016/j.measurement.2019.07.064
226;2014;Remaining useful life estimation;Aircraft engines;Structures;Time series;Data points, Frequency, Geometric parameter (S), Load;Data-driven, Physics-based;Gaussian Kernel, Paris Law;Off-line;Fatigue Life Prediction Using Hybrid Prognosis for Structural Health Monitoring;doi:10.2514/1.I010094
227;2013;Health assessment;Metallurgical Ladles;Structures;Time series;Coefficient of heat transfer, Degree of blackness, Thermal conductivity;Data-driven;ESN structure;Off-line;Predictive maintenance model-based approach for objects exposed to extremely high temperatures;doi:10.1109/SPS.2013.6623621
228;2018;Multiple steps future state forecast;High-voltage asymmetrical pulse (HVAP) track circuit;Electrical components;Time series;Peak voltage of receiving end under adjustment state, Peak voltage of receiving end under shunting state;Knowledge-based;Fuzzy neural network;Off-line;Track circuit fault prediction method based on grey theory and expert system;doi:10.1016/j.jvcir.2018.10.024
229;2018;Fault feature extraction;Solenoid valves;Electrical components;Time series;Electrical resistance, Temperature;Physics-based;Kalman Filter;Off-line;Three-dimensional Simulation and Prediction of Solenoid Valve Failure Mechanism Based on Finite Element Model;doi:10.1088/1755-1315/108/2/022035
230;2018;Fault detection;Solenoid valves;Electrical components;Time series;Current, Deformation, Temperature;Physics-based;Kalman Filter;Off-line;Three-dimensional Simulation and Prediction of Solenoid Valve Failure Mechanism Based on Finite Element Model;doi:10.1088/1755-1315/108/2/022035
231;2019;Fault feature extraction;Lithium-ion battery;Energy cells and batteries;Time series;Voltage;Data-driven;Mean value;Online;A novel health indicator for on-line lithium-ion batteries remaining useful life prediction;doi.org/10.1016/j.jpowsour.2016.04.119_
232;2019;Remaining useful life estimation;Lithium-ion battery;Energy cells and batteries;Time series;Corresponding cycle number, Voltage;Data-driven;Quadratic function;Off-line;A novel health indicator for on-line lithium-ion batteries remaining useful life prediction;doi.org/10.1016/j.jpowsour.2016.04.119_
233;2019;Remaining useful life estimation;Lithium-ion battery;Energy cells and batteries;Time series;Corresponding cycle number, Voltage;Data-driven;Relevance vector machine;Online;A novel health indicator for on-line lithium-ion batteries remaining useful life prediction;doi.org/10.1016/j.jpowsour.2016.04.119_
234;2019;Remaining useful life estimation;Lithium-ion battery;Energy cells and batteries;Time series;Corresponding cycle number, Voltage;Data-driven;MONESN (Monotonic echo state network);Online;A novel health indicator for on-line lithium-ion batteries remaining useful life prediction;doi.org/10.1016/j.jpowsour.2016.04.119_
235;2018;Fault feature extraction;Sliding chair of railway point machine;Reciprocating machines;Time series;Force measurement;Data-driven;Affinity matrix;Online;A new adaptive prognostics approach based on hybrid feature selection with application to point machine monitoring;doi.org/10.36001/phmconf.2018.v10i1.500
236;2018;Health modelling;Sliding chair of railway point machine;Reciprocating machines;Time series;Corresponding time, Force measurement;Data-driven;Polynomial function;Online;A new adaptive prognostics approach based on hybrid feature selection with application to point machine monitoring;doi.org/10.36001/phmconf.2018.v10i1.500
237;2018;Remaining useful life estimation;Sliding chair of railway point machine;Reciprocating machines;Time series;Free text logs;Data-driven;Likelihood probability weight calculation;Online;A new adaptive prognostics approach based on hybrid feature selection with application to point machine monitoring;doi.org/10.36001/phmconf.2018.v10i1.500
238;2013;Fault identification;Sensors in interior permanent-magnet synchronous motor;Electrical components;Signals;Current, Voltage;Physics-based;Kalman Filter;Online;A sensor fault detection and isolation method in interior permanent-magnet synchronous motor drives based on an extended kalman filter;10.1109/TIE.2013.2244537
239;2019;Health assessment;Lithium-ion battery;Energy cells and batteries;Time series;Battery capacity;Data-driven;Neural Network;Online;Aging characteristics-based health diagnosis and remaining useful life prognostics for lithium-ion batteries;?10.1016/j.etran.2019.100004
240;2019;Health modelling;Lithium-ion battery;Energy cells and batteries;Time series;Battery capacity;Data-driven;Random forest;Online;Aging characteristics-based health diagnosis and remaining useful life prognostics for lithium-ion batteries;?10.1016/j.etran.2019.100004
241;2019;Health modelling;Lithium-ion battery;Energy cells and batteries;Time series;Battery capacity;Data-driven;Neural Network;Online;Aging characteristics-based health diagnosis and remaining useful life prognostics for lithium-ion batteries;?10.1016/j.etran.2019.100004
242;2019;Remaining useful life estimation;Lithium-ion battery;Energy cells and batteries;Time series;Battery capacity;Data-driven;Recursive least square;Online;Aging characteristics-based health diagnosis and remaining useful life prognostics for lithium-ion batteries;?10.1016/j.etran.2019.100004
243;2018;Fault identification;Gearbox in wind turbine;Power transmission device;Time series;Frequency center, Frequency variance, Maximum bending stress, Maximum contact stress, Mean square frequency, Number of gear meshing;Data-driven;Extreme learning machine;Online;Digital twin driven prognostics and health management for complex equipment;?10.1016/j.cirp.2018.04.055
244;2018;Fault identification;Gearbox in wind turbine;Power transmission device;Time series;Frequency center, Frequency variance, Mean square frequency;Data-driven;Extreme learning machine;Online;Digital twin driven prognostics and health management for complex equipment;?10.1016/j.cirp.2018.04.055
245;2014;Fault detection;Proton exchange membrane fuel cell;Energy cells and batteries;Signals;Current, Voltage;Physics-based;Radial basis function network;Online;Fault detection and isolation for PEM fuel cell stack with independent RBF model;?10.1016/j.engappai.2013.10.002
246;2014;Fault identification;Proton exchange membrane fuel cell;Energy cells and batteries;Time series;Modelling error;Physics-based;Radial basis function network;Online;Fault detection and isolation for PEM fuel cell stack with independent RBF model;?10.1016/j.engappai.2013.10.002
247;2017;Fault identification;Rectifier in railway electrical traction systems;Electrical components;Unknow format;Unknown variable;Unknown model type;Nonlinear parametrization adaptive estimation technique;Unknown synchronization;Incipient Voltage Sensor Fault Isolation for Rectifier in Railway Electrical Traction Systems;?10.1109/TIE.2017.2696463
248;2019;Remaining useful life estimation;Lithium-ion battery;Energy cells and batteries;Time series;Battery capacity, Corresponding cycle number;Data-driven;Box-cox transformation;Online;Lithium-Ion Battery Remaining Useful Life Prediction with Box-Cox Transformation and Monte Carlo Simulation;?10.1109/TIE.2018.2808918
249;2019;Remaining useful life estimation;Lithium-ion battery;Energy cells and batteries;Time series;Battery capacity, Corresponding cycle number;Data-driven;Box-cox transformation;Both;Lithium-Ion Battery Remaining Useful Life Prediction with Box-Cox Transformation and Monte Carlo Simulation;?10.1109/TIE.2018.2808918
250;2019;Remaining useful life estimation;Lithium-ion battery;Energy cells and batteries;Time series;Battery capacity, Corresponding cycle number;Data-driven, Physics-based;Monte Carlo, Particle Filter;Both;Lithium-Ion Battery Remaining Useful Life Prediction with Box-Cox Transformation and Monte Carlo Simulation;?10.1109/TIE.2018.2808918
251;2015;Remaining useful life estimation;Lithium-ion battery;Energy cells and batteries;Time series;Current, Diffusion voltage, Open circuit voltage, State of charge;Physics-based, Data-driven;Particle Filter, State projection scheme;Online;Method for estimating capacity and predicting remaining useful life of lithium-ion battery;?10.1109/ICPHM.2014.7036362
252;2014;Fault identification;Rolling bearings;Rotary machines;Signals;Frequency;Data-driven;Trace ratio linear discriminant analysis;Online;Motor bearing fault diagnosis using trace ratio linear discriminant analysis;?10.1109/TIE.2013.2273471
253;2013;Fault feature extraction;Rolling bearings;Rotary machines;Time series;Arithmetic mean of PSD, Autoregressive model, Energy, Entropy, Kurtosis, Line integral, Maximum peak value, Mutual information, Peak-to-Peak, Root mean square, Skewness;Data-driven;Unsupervised feature selection algorithm;Off-line;Nonparametric time series modelling for industrial prognostics and health management;?10.1007/s00170-013-5065-z
254;2013;Health modelling;Rolling bearings;Rotary machines;Time series;Error;Data-driven;Ridge regression;Off-line;Nonparametric time series modelling for industrial prognostics and health management;?10.1007/s00170-013-5065-z
255;2019;Fault identification;Actuator ;Electrical components;Signals;Current;Data-driven;Proper Orthogonal Decomposition;Both;Real-time fault detection and prognostics for aircraft actuation systems;?10.2514/6.2019-2210
256;2019;Remaining useful life estimation;Actuator ;Electrical components;Signals;Current;Data-driven;Support vector machines;Online;Real-time fault detection and prognostics for aircraft actuation systems;?10.2514/6.2019-2210
257;2018;Remaining useful life estimation;Rolling bearings;Rotary machines;Signals;Vibration level;Data-driven;Maximum likelyhood estimation;Online;Real-Time Remaining Useful Life Prediction for a Nonlinear Degrading System in Service: Application to Bearing Data;?10.1109/TMECH.2017.2666199
258;2018;Remaining useful life estimation;Rolling bearings;Rotary machines;Signals;Vibration level;Data-driven;Bayesian model;Online;Real-Time Remaining Useful Life Prediction for a Nonlinear Degrading System in Service: Application to Bearing Data;?10.1109/TMECH.2017.2666199
259;2018;Remaining useful life estimation;Rolling bearings;Rotary machines;Signals;Vibration level;Physics-based, Data-driven;Kalman Filter, Maximum likelyhood estimation;Both;Real-Time Remaining Useful Life Prediction for a Nonlinear Degrading System in Service: Application to Bearing Data;?10.1109/TMECH.2017.2666199
260;2018;Health modelling;Supercapacitor;Electrical components;Time series;Temperature, Voltage;Physics-based;Kalman Filter;Online;Remaining Useful Life Prognosis of Supercapacitors under Temperature and Voltage Aging Conditions;?10.1109/TIE.2017.2767550
261;2018;Health modelling;Supercapacitor;Electrical components;Time series;Temperature, Voltage;Physics-based;Kalman Filter;Online;Remaining Useful Life Prognosis of Supercapacitors under Temperature and Voltage Aging Conditions;?10.1109/TIE.2017.2767550
262;2018;Remaining useful life estimation;Supercapacitor;Electrical components;Time series;Capacitance, Degradation rate;Data-driven, Physics-based;Bayesian model, Particle Filter;Online;Remaining Useful Life Prognosis of Supercapacitors under Temperature and Voltage Aging Conditions;?10.1109/TIE.2017.2767550
263;2018;Remaining useful life estimation;Supercapacitor;Electrical components;Time series;Degradation rate, Resistance;Data-driven, Physics-based;Bayesian model, Particle Filter;Online;Remaining Useful Life Prognosis of Supercapacitors under Temperature and Voltage Aging Conditions;?10.1109/TIE.2017.2767550
